Feature,RF_Importance,XGB_Importance
Unique Stages,0.331012048897913,0.3273439
Stage Responsible,0.14787725204586172,0.1607588
Total Events,0.1399216044098489,0.095594816
Cycle Time (days),0.11871130149981117,0.07590898
Initial Wait (days),0.0921385964367613,0.08467504
Department,0.08462014519429856,0.061409947
Has CEO Stage,0.058708757649210026,0.11892771
Has Budget Stage,0.022745713347804498,0.0
Position Type,0.00426458051849079,0.07538086
