has_reassignment,count,mean,median,std
False,6212,0.031518810292504355,0.0,1.2017152283620223
True,5710,14.287518555004215,0.0,50.9774458959913
