has_reassignment,count,mean,median,std
False,407,80.9387186049686,38.045833333333334,95.24954375956463
True,11515,16.3208207249803,1.0614930555555555,45.07883112253916
