{
    "parallel_track_concurrency": 84.97,
    "top_rework_field": "\u05e8\u05de\u05ea \u05d7\u05e8\u05d9\u05d2\u05d4 \u05de\u05d6\u05de\u05df \u05ea\u05e7\u05df",
    "outcome_durations": {
        "\u05d0\u05d5\u05e9\u05e8": 146.61806172656662,
        "\u05d1\u05d5\u05d8\u05dc": 101.14541959233539,
        "\u05d8\u05d9\u05d5\u05d8\u05d4": 162.3271990740741,
        "\u05dc\u05d0 \u05d0\u05d5\u05e9\u05e8": 119.76727325336701,
        "\u05e1\u05d1\u05d1 \u05d0\u05d9\u05e9\u05d5\u05e8\u05d9\u05dd": 157.53259700176366
    }
}